{
  "$schema": "https://schema.management.azure.com/schemas/2019-04-01/deploymentTemplate.json#",
  "contentVersion": "1.0.0.0",
  "metadata": {
    "author": "Flashpoint",
    "comments": "Solution template for Flashpoint CCM-E"
  },
  "parameters": {
    "location": {
      "type": "string",
      "minLength": 1,
      "defaultValue": "[resourceGroup().location]",
      "metadata": {
        "description": "Not used, but needed to pass arm-ttk test `Location-Should-Not-Be-Hardcoded`.  We instead use the `workspace-location` which is derived from the LA workspace"
      }
    },
    "workspace-location": {
      "type": "string",
      "defaultValue": "",
      "metadata": {
        "description": "[concat('Region to deploy solution resources -- separate from location selection',parameters('location'))]"
      }
    },
    "workspace": {
      "defaultValue": "",
      "type": "string",
      "metadata": {
        "description": "Workspace name for Log Analytics where Microsoft Sentinel is setup"
      }
    },
    "resourceGroupName": {
      "type": "string",
      "defaultValue": "[resourceGroup().name]",
      "metadata": {
        "description": "resource group name where Microsoft Sentinel is setup"
      }
    },
    "subscription": {
      "type": "string",
      "defaultValue": "[last(split(subscription().id, '/'))]",
      "metadata": {
        "description": "subscription id where Microsoft Sentinel is setup"
      }
    }
  },
  "variables": {
    "_solutionName": "Flashpoint CCM-E",
    "_solutionVersion": "3.0.0",
    "solutionId": "flashpoint.azure-sentinel-solution-flashpoint",
    "_solutionId": "[variables('solutionId')]",
    "workspaceResourceId": "[resourceId('microsoft.OperationalInsights/Workspaces', parameters('workspace'))]",
    "dataConnectorCCPVersion": "1.0.0",
    "_dataConnectorContentIdConnectorDefinition1": "FlashpointCCME_CCP",
    "dataConnectorTemplateNameConnectorDefinition1": "[concat(parameters('workspace'),'-dc-',uniquestring(variables('_dataConnectorContentIdConnectorDefinition1')))]",
    "_dataConnectorContentIdConnections1": "FlashpointCCME_CCPConnections",
    "dataConnectorTemplateNameConnections1": "[concat(parameters('workspace'),'-dc-',uniquestring(variables('_dataConnectorContentIdConnections1')))]",
    "dataCollectionEndpointId1": "[concat('/subscriptions/',parameters('subscription'),'/resourceGroups/',parameters('resourceGroupName'),'/providers/Microsoft.Insights/dataCollectionEndpoints/',parameters('workspace'))]",
    "blanks": "[replace('b', 'b', '')]",
    "_solutioncontentProductId": "[concat(take(variables('_solutionId'),50),'-','sl','-', uniqueString(concat(variables('_solutionId'),'-','Solution','-',variables('_solutionId'),'-', variables('_solutionVersion'))))]"
  },
  "resources": [
    {
      "type": "Microsoft.OperationalInsights/workspaces/providers/contentTemplates",
      "apiVersion": "2023-04-01-preview",
      "name": "[concat(parameters('workspace'),'/Microsoft.SecurityInsights/', variables('dataConnectorTemplateNameConnectorDefinition1'), variables('dataConnectorCCPVersion'))]",
      "location": "[parameters('workspace-location')]",
      "dependsOn": [
        "[extensionResourceId(resourceId('Microsoft.OperationalInsights/workspaces', parameters('workspace')), 'Microsoft.SecurityInsights/contentPackages', variables('_solutionId'))]"
      ],
      "properties": {
        "contentId": "[variables('_dataConnectorContentIdConnectorDefinition1')]",
        "displayName": "Flashpoint CCM-E",
        "contentKind": "DataConnector",
        "mainTemplate": {
          "$schema": "https://schema.management.azure.com/schemas/2019-04-01/deploymentTemplate.json#",
          "contentVersion": "[variables('dataConnectorCCPVersion')]",
          "parameters": {},
          "variables": {},
          "resources": [
            {
              "name": "[concat(parameters('workspace'),'/Microsoft.SecurityInsights/',variables('_dataConnectorContentIdConnectorDefinition1'))]",
              "apiVersion": "2022-09-01-preview",
              "type": "Microsoft.OperationalInsights/workspaces/providers/dataConnectorDefinitions",
              "location": "[parameters('workspace-location')]",
              "kind": "Customizable",
              "properties": {
                "connectorUiConfig": {
                  "id": "FlashpointCCME_CCP",
                  "title": "Flashpoint CCM-E",
                  "publisher": "Flashpoint",
                  "descriptionMarkdown": "CCM-E Data from Flashpoint",
                  "graphQueriesTableName": "CCME5_CL",
                  "graphQueries": [
                    {
                      "metricName": "Events",
                      "legend": "Events",
                      "baseQuery": "CCME5_CL"
                    }
                  ],
                  "sampleQueries": [
                    {
                      "description": "Get sample of CCME data",
                      "query": "{{graphQueriesTableName}}\n | take 10"
                    }
                  ],
                  "dataTypes": [
                    {
                      "name": "CCME5_CL",
                      "lastDataReceivedQuery": "CCME5_CL\n | where TimeGenerated > ago(7d) | summarize Time = max(TimeGenerated)\n | where isnotempty(Time)"
                    }
                  ],
                  "connectivityCriteria": [
                    {
                      "type": "HasDataConnectors"
                    }
                  ],
                  "availability": {
                    "isPreview": false
                  },
                  "permissions": {
                    "resourceProvider": [
                      {
                        "provider": "Microsoft.OperationalInsights/workspaces",
                        "permissionsDisplayText": "Read and Write permissions are required.",
                        "providerDisplayName": "Workspace",
                        "scope": "Workspace",
                        "requiredPermissions": {
                          "write": true,
                          "read": true,
                          "delete": true
                        }
                      }
                    ],
                    "customs": [
                      {
                        "name": "Flashpoint API token",
                        "description": "A Flaspoint API Token is required. See Docs."
                      }
                    ]
                  },
                  "instructionSteps": [
                    {
                      "title": "Enter Flashpoint Details",
                      "description": "Enter details for the Flashpoint CCM-E data connector",
                      "instructions": [
                        {
                          "parameters": {
                            "text": "Enter an API Token generated from Flashpoint's Ignite platform",
                            "visible": true,
                            "inline": true
                          },
                          "type": "InfoMessage"
                        },
                        {
                          "type": "Textbox",
                          "parameters": {
                            "label": "API Token",
                            "placeholder": "Enter your API Token",
                            "type": "password",
                            "name": "ApiToken"
                          }
                        },
                        {
                          "parameters": {
                            "text": "Filter the results by password length, e.g. \">10\" will only ingest passwords longer than 10 characters",
                            "visible": true,
                            "inline": true
                          },
                          "type": "InfoMessage"
                        },
                        {
                          "type": "Textbox",
                          "parameters": {
                            "label": "Password Length",
                            "placeholder": "5, >10, >=12, <16, or * (for all passwords)",
                            "type": "text",
                            "name": "PasswordLength"
                          }
                        },
                        {
                          "parameters": {
                            "text": "Use \"true\" to exclude passwords containing no lowercase letters, or use \"false\" to exclude passwords containing at least one lowercase letter",
                            "visible": true,
                            "inline": true
                          },
                          "type": "InfoMessage"
                        },
                        {
                          "type": "Textbox",
                          "parameters": {
                            "label": "Password Has Lowercase",
                            "placeholder": "true, false, or * (for all passwords)",
                            "type": "text",
                            "name": "PasswordHasLowercase"
                          }
                        },
                        {
                          "parameters": {
                            "text": "Use \"true\" to exclude passwords containing no uppercase letters, or use \"false\" to exclude passwords containing at least one uppercase letter",
                            "visible": true,
                            "inline": true
                          },
                          "type": "InfoMessage"
                        },
                        {
                          "type": "Textbox",
                          "parameters": {
                            "label": "Password Has Uppercase",
                            "placeholder": "true, false, or * (for all passwords)",
                            "type": "text",
                            "name": "PasswordHasUppercase"
                          }
                        },
                        {
                          "parameters": {
                            "text": "Use \"true\" to exclude passwords containing no numbers, or use \"false\" to exclude passwords containing at least one number",
                            "visible": true,
                            "inline": true
                          },
                          "type": "InfoMessage"
                        },
                        {
                          "type": "Textbox",
                          "parameters": {
                            "label": "Password Has Number",
                            "placeholder": "true, false, or * (for all passwords)",
                            "type": "text",
                            "name": "PasswordHasNumber"
                          }
                        },
                        {
                          "parameters": {
                            "text": "Use \"true\" to exclude passwords containing no synbols, or use \"false\" to exclude passwords containing at least one symbol",
                            "visible": true,
                            "inline": true
                          },
                          "type": "InfoMessage"
                        },
                        {
                          "type": "Textbox",
                          "parameters": {
                            "label": "Password Has Symbol",
                            "placeholder": "true, false, or * (for all passwords)",
                            "type": "text",
                            "name": "PasswordHasSymbol"
                          }
                        },
                        {
                          "type": "ConnectionToggleButton",
                          "parameters": {
                            "connectLabel": "connect",
                            "name": "connect"
                          }
                        }
                      ]
                    }
                  ]
                }
              }
            },
            {
              "name": "[concat(parameters('workspace'),'/Microsoft.SecurityInsights/',concat('DataConnector-', variables('_dataConnectorContentIdConnectorDefinition1')))]",
              "apiVersion": "2022-01-01-preview",
              "type": "Microsoft.OperationalInsights/workspaces/providers/metadata",
              "properties": {
                "parentId": "[extensionResourceId(resourceId('Microsoft.OperationalInsights/workspaces', parameters('workspace')), 'Microsoft.SecurityInsights/dataConnectorDefinitions', variables('_dataConnectorContentIdConnectorDefinition1'))]",
                "contentId": "[variables('_dataConnectorContentIdConnectorDefinition1')]",
                "kind": "DataConnector",
                "version": "[variables('dataConnectorCCPVersion')]",
                "source": {
                  "sourceId": "[variables('_solutionId')]",
                  "name": "[variables('_solutionName')]",
                  "kind": "Solution"
                },
                "author": {
                  "name": "Flashpoint"
                },
                "support": {
                  "name": "Flashpoint",
                  "email": "support@flashpoint.io",
                  "tier": "Partner",
                  "link": "https://flashpoint.io/contact-us/"
                },
                "dependencies": {
                  "criteria": [
                    {
                      "version": "[variables('dataConnectorCCPVersion')]",
                      "contentId": "[variables('_dataConnectorContentIdConnections1')]",
                      "kind": "ResourcesDataConnector"
                    }
                  ]
                }
              }
            },
            {
              "name": "FlashpointCCME_DCR",
              "apiVersion": "2022-06-01",
              "type": "Microsoft.Insights/dataCollectionRules",
              "location": "[parameters('workspace-location')]",
              "kind": "[variables('blanks')]",
              "properties": {
                "dataCollectionEndpointId": "[variables('dataCollectionEndpointId1')]",
                "streamDeclarations": {
                  "Custom-CCMEStreamInput": {
                    "columns": [
                      {
                        "name": "_id",
                        "type": "string"
                      },
                      {
                        "name": "_source",
                        "type": "dynamic"
                      }
                    ]
                  }
                },
                "dataFlows": [
                  {
                    "streams": [
                      "Custom-CCMEStreamInput"
                    ],
                    "destinations": [
                      "FlashpointCCMEDestination"
                    ],
                    "transformKql": "source | project-rename EventId = _id, Source = _source | extend TimeGenerated = now(), Domain = tostring(Source.domain), Email = tostring(Source.email), TimesSeen = toint(Source.times_seen), BreachCreatedAt = todatetime(Source.breach.created_at[\"date-time\"]), BreachFirstObservedAt = todatetime(Source.breach.first_observed_at[\"date-time\"]), BreachSource = tostring(Source.breach.source), BreachTitle = tostring(Source.breach[\"title\"]), BreachVictim = tostring(Source.breach.victim), AffectedDomain = tostring(Source.affected_domain), AffectedUrl = tostring(Source.affected_url)",
                    "outputStream": "Custom-CCME5_CL"
                  }
                ],
                "destinations": {
                  "logAnalytics": [
                    {
                      "workspaceResourceId": "[variables('workspaceResourceId')]",
                      "name": "FlashpointCCMEDestination"
                    }
                  ]
                }
              }
            },
            {
              "name": "CCME5_CL",
              "apiVersion": "2022-10-01",
              "type": "Microsoft.OperationalInsights/workspaces/tables",
              "location": "[parameters('workspace-location')]",
              "kind": null,
              "properties": {
                "schema": {
                  "name": "CCME5_CL",
                  "columns": [
                    {
                      "name": "TimeGenerated",
                      "type": "datetime"
                    },
                    {
                      "name": "EventId",
                      "type": "string"
                    },
                    {
                      "name": "Domain",
                      "type": "string"
                    },
                    {
                      "name": "Email",
                      "type": "string"
                    },
                    {
                      "name": "AffectedDomain",
                      "type": "string"
                    },
                    {
                      "name": "AffectedUrl",
                      "type": "string"
                    },
                    {
                      "name": "TimesSeen",
                      "type": "int"
                    },
                    {
                      "name": "BreachCreatedAt",
                      "type": "datetime"
                    },
                    {
                      "name": "BreachFirstObservedAt",
                      "type": "datetime"
                    },
                    {
                      "name": "BreachSource",
                      "type": "string"
                    },
                    {
                      "name": "BreachTitle",
                      "type": "string"
                    },
                    {
                      "name": "BreachVictim",
                      "type": "string"
                    }
                  ]
                }
              }
            }
          ]
        },
        "packageKind": "Solution",
        "packageVersion": "[variables('_solutionVersion')]",
        "packageName": "[variables('_solutionName')]",
        "contentProductId": "[concat(take(variables('_solutionId'), 50),'-','dc','-', uniqueString(concat(variables('_solutionId'),'-','DataConnector','-',variables('_dataConnectorContentIdConnectorDefinition1'),'-', variables('dataConnectorCCPVersion'))))]",
        "packageId": "[variables('_solutionId')]",
        "contentSchemaVersion": "3.0.0",
        "version": "[variables('dataConnectorCCPVersion')]"
      }
    },
    {
      "name": "[concat(parameters('workspace'),'/Microsoft.SecurityInsights/',variables('_dataConnectorContentIdConnectorDefinition1'))]",
      "apiVersion": "2022-09-01-preview",
      "type": "Microsoft.OperationalInsights/workspaces/providers/dataConnectorDefinitions",
      "location": "[parameters('workspace-location')]",
      "kind": "Customizable",
      "properties": {
        "connectorUiConfig": {
          "id": "FlashpointCCME_CCP",
          "title": "Flashpoint CCM-E",
          "publisher": "Flashpoint",
          "descriptionMarkdown": "CCM-E Data from Flashpoint",
          "graphQueriesTableName": "CCME5_CL",
          "graphQueries": [
            {
              "metricName": "Events",
              "legend": "Events",
              "baseQuery": "CCME5_CL"
            }
          ],
          "sampleQueries": [
            {
              "description": "Get sample of CCME data",
              "query": "{{graphQueriesTableName}}\n | take 10"
            }
          ],
          "dataTypes": [
            {
              "name": "CCME5_CL",
              "lastDataReceivedQuery": "CCME5_CL\n | where TimeGenerated > ago(7d) | summarize Time = max(TimeGenerated)\n | where isnotempty(Time)"
            }
          ],
          "connectivityCriteria": [
            {
              "type": "HasDataConnectors"
            }
          ],
          "availability": {
            "isPreview": false
          },
          "permissions": {
            "resourceProvider": [
              {
                "provider": "Microsoft.OperationalInsights/workspaces",
                "permissionsDisplayText": "Read and Write permissions are required.",
                "providerDisplayName": "Workspace",
                "scope": "Workspace",
                "requiredPermissions": {
                  "write": true,
                  "read": true,
                  "delete": true
                }
              }
            ],
            "customs": [
              {
                "name": "Flashpoint API token",
                "description": "A Flaspoint API Token is required. See Docs."
              }
            ]
          },
          "instructionSteps": [
            {
              "title": "Enter Flashpoint Details",
              "description": "Enter details for the Flashpoint CCM-E data connector",
              "instructions": [
                {
                  "parameters": {
                    "text": "Enter an API Token generated from Flashpoint's Ignite platform",
                    "visible": true,
                    "inline": true
                  },
                  "type": "InfoMessage"
                },
                {
                  "type": "Textbox",
                  "parameters": {
                    "label": "API Token",
                    "placeholder": "Enter your API Token",
                    "type": "password",
                    "name": "ApiToken"
                  }
                },
                {
                  "parameters": {
                    "text": "Filter the results by password length, e.g. \">10\" will only ingest passwords longer than 10 characters",
                    "visible": true,
                    "inline": true
                  },
                  "type": "InfoMessage"
                },
                {
                  "type": "Textbox",
                  "parameters": {
                    "label": "Password Length",
                    "placeholder": "5, >10, >=12, <16, or * (for all passwords)",
                    "type": "text",
                    "name": "PasswordLength"
                  }
                },
                {
                  "parameters": {
                    "text": "Use \"true\" to exclude passwords containing no lowercase letters, or use \"false\" to exclude passwords containing at least one lowercase letter",
                    "visible": true,
                    "inline": true
                  },
                  "type": "InfoMessage"
                },
                {
                  "type": "Textbox",
                  "parameters": {
                    "label": "Password Has Lowercase",
                    "placeholder": "true, false, or * (for all passwords)",
                    "type": "text",
                    "name": "PasswordHasLowercase"
                  }
                },
                {
                  "parameters": {
                    "text": "Use \"true\" to exclude passwords containing no uppercase letters, or use \"false\" to exclude passwords containing at least one uppercase letter",
                    "visible": true,
                    "inline": true
                  },
                  "type": "InfoMessage"
                },
                {
                  "type": "Textbox",
                  "parameters": {
                    "label": "Password Has Uppercase",
                    "placeholder": "true, false, or * (for all passwords)",
                    "type": "text",
                    "name": "PasswordHasUppercase"
                  }
                },
                {
                  "parameters": {
                    "text": "Use \"true\" to exclude passwords containing no numbers, or use \"false\" to exclude passwords containing at least one number",
                    "visible": true,
                    "inline": true
                  },
                  "type": "InfoMessage"
                },
                {
                  "type": "Textbox",
                  "parameters": {
                    "label": "Password Has Number",
                    "placeholder": "true, false, or * (for all passwords)",
                    "type": "text",
                    "name": "PasswordHasNumber"
                  }
                },
                {
                  "parameters": {
                    "text": "Use \"true\" to exclude passwords containing no synbols, or use \"false\" to exclude passwords containing at least one symbol",
                    "visible": true,
                    "inline": true
                  },
                  "type": "InfoMessage"
                },
                {
                  "type": "Textbox",
                  "parameters": {
                    "label": "Password Has Symbol",
                    "placeholder": "true, false, or * (for all passwords)",
                    "type": "text",
                    "name": "PasswordHasSymbol"
                  }
                },
                {
                  "type": "ConnectionToggleButton",
                  "parameters": {
                    "connectLabel": "connect",
                    "name": "connect"
                  }
                }
              ]
            }
          ]
        }
      }
    },
    {
      "name": "[concat(parameters('workspace'),'/Microsoft.SecurityInsights/',concat('DataConnector-', variables('_dataConnectorContentIdConnectorDefinition1')))]",
      "apiVersion": "2022-01-01-preview",
      "type": "Microsoft.OperationalInsights/workspaces/providers/metadata",
      "properties": {
        "parentId": "[extensionResourceId(resourceId('Microsoft.OperationalInsights/workspaces', parameters('workspace')), 'Microsoft.SecurityInsights/dataConnectorDefinitions', variables('_dataConnectorContentIdConnectorDefinition1'))]",
        "contentId": "[variables('_dataConnectorContentIdConnectorDefinition1')]",
        "kind": "DataConnector",
        "version": "[variables('dataConnectorCCPVersion')]",
        "source": {
          "sourceId": "[variables('_solutionId')]",
          "name": "[variables('_solutionName')]",
          "kind": "Solution"
        },
        "author": {
          "name": "Flashpoint"
        },
        "support": {
          "name": "Flashpoint",
          "email": "support@flashpoint.io",
          "tier": "Partner",
          "link": "https://flashpoint.io/contact-us/"
        },
        "dependencies": {
          "criteria": [
            {
              "version": "[variables('dataConnectorCCPVersion')]",
              "contentId": "[variables('_dataConnectorContentIdConnections1')]",
              "kind": "ResourcesDataConnector"
            }
          ]
        }
      }
    },
    {
      "type": "Microsoft.OperationalInsights/workspaces/providers/contentTemplates",
      "apiVersion": "2023-04-01-preview",
      "name": "[concat(parameters('workspace'),'/Microsoft.SecurityInsights/', variables('dataConnectorTemplateNameConnections1'), variables('dataConnectorCCPVersion'))]",
      "location": "[parameters('workspace-location')]",
      "dependsOn": [
        "[extensionResourceId(resourceId('Microsoft.OperationalInsights/workspaces', parameters('workspace')), 'Microsoft.SecurityInsights/contentPackages', variables('_solutionId'))]"
      ],
      "properties": {
        "contentId": "[variables('_dataConnectorContentIdConnections1')]",
        "displayName": "Flashpoint CCM-E",
        "contentKind": "ResourcesDataConnector",
        "mainTemplate": {
          "$schema": "https://schema.management.azure.com/schemas/2019-04-01/deploymentTemplate.json#",
          "contentVersion": "[variables('dataConnectorCCPVersion')]",
          "parameters": {
            "guidValue": {
              "defaultValue": "[[newGuid()]",
              "type": "securestring"
            },
            "innerWorkspace": {
              "defaultValue": "[parameters('workspace')]",
              "type": "securestring"
            },
            "connectorDefinitionName": {
              "defaultValue": "Flashpoint CCM-E",
              "type": "securestring",
              "minLength": 1
            },
            "workspace": {
              "defaultValue": "[parameters('workspace')]",
              "type": "securestring"
            },
            "dcrConfig": {
              "defaultValue": {
                "dataCollectionEndpoint": "data collection Endpoint",
                "dataCollectionRuleImmutableId": "data collection rule immutableId"
              },
              "type": "object"
            },
            "ApiToken": {
              "defaultValue": "ApiToken",
              "type": "securestring",
              "minLength": 1
            },
            "PasswordLength": {
              "defaultValue": "PasswordLength",
              "type": "securestring",
              "minLength": 1
            },
            "PasswordHasLowercase": {
              "defaultValue": "PasswordHasLowercase",
              "type": "securestring",
              "minLength": 1
            },
            "PasswordHasUppercase": {
              "defaultValue": "PasswordHasUppercase",
              "type": "securestring",
              "minLength": 1
            },
            "PasswordHasNumber": {
              "defaultValue": "PasswordHasNumber",
              "type": "securestring",
              "minLength": 1
            },
            "PasswordHasSymbol": {
              "defaultValue": "PasswordHasSymbol",
              "type": "securestring",
              "minLength": 1
            }
          },
          "variables": {
            "_dataConnectorContentIdConnections1": "[variables('_dataConnectorContentIdConnections1')]"
          },
          "resources": [
            {
              "name": "[concat(parameters('workspace'),'/Microsoft.SecurityInsights/',concat('DataConnector-', variables('_dataConnectorContentIdConnections1')))]",
              "apiVersion": "2022-01-01-preview",
              "type": "Microsoft.OperationalInsights/workspaces/providers/metadata",
              "properties": {
                "parentId": "[extensionResourceId(resourceId('Microsoft.OperationalInsights/workspaces', parameters('workspace')), 'Microsoft.SecurityInsights/dataConnectors', variables('_dataConnectorContentIdConnections1'))]",
                "contentId": "[variables('_dataConnectorContentIdConnections1')]",
                "kind": "ResourcesDataConnector",
                "version": "[variables('dataConnectorCCPVersion')]",
                "source": {
                  "sourceId": "[variables('_solutionId')]",
                  "name": "[variables('_solutionName')]",
                  "kind": "Solution"
                },
                "author": {
                  "name": "Flashpoint"
                },
                "support": {
                  "name": "Flashpoint",
                  "email": "support@flashpoint.io",
                  "tier": "Partner",
                  "link": "https://flashpoint.io/contact-us/"
                }
              }
            },
            {
              "name": "[[concat(parameters('innerWorkspace'),'/Microsoft.SecurityInsights/', 'CCME', parameters('guidValue'))]",
              "apiVersion": "2023-02-01-preview",
              "type": "Microsoft.OperationalInsights/workspaces/providers/dataConnectors",
              "location": "[parameters('workspace-location')]",
              "kind": "RestApiPoller",
              "properties": {
                "connectorDefinitionName": "FlashpointCCME_CCP",
                "dataType": "CCME5_CL",
                "dcrConfig": {
                  "streamName": "Custom-CCMEStreamInput",
                  "dataCollectionEndpoint": "[[parameters('dcrConfig').dataCollectionEndpoint]",
                  "dataCollectionRuleImmutableId": "[[parameters('dcrConfig').dataCollectionRuleImmutableId]"
                },
                "auth": {
                  "type": "APIKey",
                  "ApiKey": "[[parameters('ApiToken')]",
                  "ApiKeyName": "Authorization",
                  "ApiKeyIdentifier": "Bearer"
                },
                "request": {
                  "apiEndpoint": "[[concat('https://api.flashpoint.io/sources/v1/noncommunities/search?query=+basetypes:(credential-sighting)+header_.indexed_at:[now-1h TO now]+is_fresh:true+password_complexity.length:',parameters('PasswordLength'),'+password_complexity.has_lowercase:',parameters('PasswordHasLowercase'),'+password_complexity.has_uppercase:',parameters('PasswordHasUppercase'),'+password_complexity.has_number:',parameters('PasswordHasNumber'),'+password_complexity.has_symbol:',parameters('PasswordHasSymbol'))]",
                  "httpMethod": "Get",
                  "queryWindowInMin": 60,
                  "rateLimitQps": 5,
                  "retryCount": 3,
                  "timeoutInSeconds": 60,
                  "headers": {
                    "Content-Type": "application/json",
                    "x-fp-integrationplatform": "Microsoft Sentinel",
                    "x-fp-integrationplatformversion": "cloud",
                    "x-fp-integrationversion": "ato-1.0.0"
                  }
                },
                "response": {
                  "format": "json",
                  "eventsJsonPaths": [
                    "$.hits.hits"
                  ]
                },
                "paging": {
                  "pagingType": "Offset",
                  "offsetParaName": "from",
                  "pageSizeParameterName": "size"
                }
              }
            }
          ]
        },
        "packageKind": "Solution",
        "packageVersion": "[variables('_solutionVersion')]",
        "packageName": "[variables('_solutionName')]",
        "contentProductId": "[concat(take(variables('_solutionId'), 50),'-','rdc','-', uniqueString(concat(variables('_solutionId'),'-','ResourcesDataConnector','-',variables('_dataConnectorContentIdConnections1'),'-', variables('dataConnectorCCPVersion'))))]",
        "packageId": "[variables('_solutionId')]",
        "contentSchemaVersion": "3.0.0",
        "version": "[variables('dataConnectorCCPVersion')]"
      }
    },
    {
      "type": "Microsoft.OperationalInsights/workspaces/providers/contentPackages",
      "apiVersion": "2023-04-01-preview",
      "location": "[parameters('workspace-location')]",
      "properties": {
        "version": "3.0.0",
        "kind": "Solution",
        "contentSchemaVersion": "3.0.0",
        "displayName": "Flashpoint CCM-E",
        "publisherDisplayName": "Flashpoint",
        "descriptionHtml": "<p><strong>Note:</strong> Please refer to the following before installing the solution:</p>\n<p>• Review the solution <a href=\"https://github.com/Azure/Azure-Sentinel/tree/master/Solutions/Flashpoint%20CCM-E/ReleaseNotes.md\">Release Notes</a></p>\n<p>• There may be <a href=\"https://aka.ms/sentinelsolutionsknownissues\">known issues</a> pertaining to this Solution, please refer to them before installing.</p>\n<p>CCM-E Data from Flashpoint</p>\n<p><strong>Data Connectors:</strong> 1</p>\n<p><a href=\"https://aka.ms/azuresentinel\">Learn more about Microsoft Sentinel</a> | <a href=\"https://aka.ms/azuresentinelsolutionsdoc\">Learn more about Solutions</a></p>\n",
        "contentKind": "Solution",
        "contentProductId": "[variables('_solutioncontentProductId')]",
        "id": "[variables('_solutioncontentProductId')]",
        "icon": "<img src=\"https://raw.githubusercontent.com/Azure/Azure-Sentinel/master/Logos/Flashpoint.svg\" width=\"75px\" height=\"75px\">",
        "contentId": "[variables('_solutionId')]",
        "parentId": "[variables('_solutionId')]",
        "source": {
          "kind": "Solution",
          "name": "Flashpoint CCM-E",
          "sourceId": "[variables('_solutionId')]"
        },
        "author": {
          "name": "Flashpoint"
        },
        "support": {
          "name": "Flashpoint",
          "email": "support@flashpoint.io",
          "tier": "Partner",
          "link": "https://flashpoint.io/contact-us/"
        },
        "dependencies": {
          "operator": "AND",
          "criteria": [
            {
              "kind": "DataConnector",
              "contentId": "[variables('_dataConnectorContentIdConnections1')]",
              "version": "[variables('dataConnectorCCPVersion')]"
            }
          ]
        },
        "firstPublishDate": "2025-06-23",
        "providers": [
          "Flashpoint"
        ],
        "categories": {
          "domains": [
            "Security - Threat Intelligence",
            "Identity",
            "Security – Information Protection"
          ]
        }
      },
      "name": "[concat(parameters('workspace'),'/Microsoft.SecurityInsights/', variables('_solutionId'))]"
    }
  ],
  "outputs": {}
}
